name,pre-draft_team,draft_year,draft_position,position,height,weight,school_year,draft_age,birth_date,nation,home_town,high_school,combine_wingspan,combine_standing_reach,G,MP,FGM-FGA,FG%,3PM-3PA,3P%,FTM-FTA,FT%,REB,AST,BLK,STL,TO,PF,PTS,G/36,MP/36,FGM-FGA/36,FG%/36,3PM-3PA/36,3P%/36,FTM-FTA/36,FT%/36,REB/36,AST/36,BLK/36,STL/36,TO/36,PF/36,PTS/36,url,3PA Rate/36,AST/TO/36,AST/USG/36,BPM/36,DBPM/36,DRTG/36,DWS/40/36,Effective FG%/36,FTA Rate/36,OBPM/36,ORTG/36,OWS/40/36,PER/36,Proj NBA 3P%/36,True Shooting %/36,USG%/36,WS/40/36,combine_3/4_sprint,combine_lane_agility,combine_max_vertical,combine_shuttle
Lachlan Olbrich,,2025,55th,PF,"6'10"" (6'11.25"" wingspan)",230 lbs,International,21.47 yrs,"Dec 30, 2003",Australia,"Adelaide, Australia",Reynella East College,"6'11.25""","8'11.5""",40,16.9,3.7-6.0,.619,0.1-0.4,.200,1.5-2.7,.546,3.9,1.8,0.5,0.5,1.0,2.4,9.0,40,36.0,7.9-12.8,.619,0.2-0.8,.200,3.2-5.8,.546,8.2,3.7,1.0,1.0,2.1,5.0,19.1,https://tankathon.com/players/lachlan-olbrich,.063,1.75,0.73,,,112.5,,.626,.452,,125.5,,20.2,.299,.617,19.9,,3.45,11.9,"31.0""",3.0
Chaz Lanier,Tennessee,2025,37th,SG,"6'5"" (6'9"" wingspan)",206 lbs,Senior,23.50 yrs,"Dec 19, 2001",USA,"Nashville, TN",The Ensworth School,"6'9""","8'5.5""",38,31.4,6.4-14.8,.431,3.2-8.2,.395,2.0-2.6,.758,3.9,1.1,0.1,0.9,1.1,1.6,18.0,38,36.0,7.3-17.0,.431,3.7-9.4,.395,2.3-3.0,.758,4.5,1.2,0.2,1.0,1.3,1.8,20.7,https://tankathon.com/players/chaz-lanier,.551,0.95,0.27,8.9,2.7,102.4,.067,.540,.176,6.1,117.2,.107,19.5,.389,.560,28.8,.174,3.12,10.53,"39.0""",2.96
Khaman Maluach,Duke,2025,10th,C,"7'2"" (7'6.75"" wingspan)",253 lbs,Freshman,18.76 yrs,"Sep 14, 2006",South Sudan,"Kawempe, Uganda",NBA Academy Africa,"7'6.75""","9'6""",39,21.2,3.5-4.9,.712,0.1-0.4,.250,1.5-2.0,.766,6.6,0.5,1.3,0.2,0.8,2.1,8.6,39,36.0,5.9-8.3,.712,0.2-0.7,.250,2.6-3.3,.766,11.2,0.9,2.2,0.3,1.3,3.5,14.6,https://tankathon.com/players/khaman-maluach,.084,0.67,0.27,9.9,3.6,94.3,.097,.723,.403,6.2,147.3,.164,25.5,.325,.736,16.1,.261,3.5,12.05,"30.0""",3.44
Alijah Martin,Florida,2025,39th,SG,"6'2.75"" (6'7.5"" wingspan)",208 lbs,Senior,23.48 yrs,"Dec 26, 2001",USA,"Summit, MS",North Pike,"6'7.5""","8'3.5""",38,30.4,5.0-11.0,.452,2.1-5.9,.350,2.3-3.1,.761,4.5,2.2,0.2,1.5,1.4,1.4,14.4,38,36.0,5.9-13.0,.452,2.5-7.0,.350,2.8-3.6,.761,5.3,2.6,0.2,1.7,1.7,1.7,17.0,https://tankathon.com/players/alijah-martin,.541,1.49,0.57,9.8,3.9,101.2,.073,.547,.280,5.8,123.8,.114,19.4,.368,.576,21.7,.184,3.11,11.06,"38.0""",3.05
Brooks Barnhizer,Northwestern,2025,44th,SF,"6'6""",215 lbs,Senior,23.30 yrs,"Mar 2, 2002",USA,"South Bend, IN",Jefferson High School,,,17,36.9,6.1-14.6,.414,1.0-3.8,.266,4.0-5.2,.764,8.8,4.2,1.1,2.3,2.8,1.7,17.1,17,36.0,5.9-14.3,.414,1.0-3.7,.266,3.9-5.1,.764,8.6,4.1,1.1,2.2,2.7,1.7,16.7,https://tankathon.com/players/brooks-barnhizer,.257,1.53,0.85,9.7,4.9,96.2,.089,.448,.357,4.8,103.8,.051,21.6,.341,.500,28.1,.140,,,,
Drake Powell,North Carolina,2025,22nd,SG,"6'6.5"" (7'0"" wingspan)",200 lbs,Freshman,19.78 yrs,"Sep 8, 2005",USA,"Pittsboro, NC",Northwood High School,"7'0""","8'7""",37,25.6,2.8-5.7,.483,1.0-2.6,.379,0.9-1.5,.648,3.4,1.1,0.7,0.7,0.7,1.8,7.4,37,36.0,3.9-8.0,.483,1.4-3.6,.379,1.3-2.1,.648,4.8,1.5,1.0,1.0,1.0,2.5,10.5,https://tankathon.com/players/drake-powell,.450,1.48,0.51,6.1,3.3,107.9,.046,.569,.256,2.8,118.0,.059,12.9,.336,.581,13.8,.106,3.07,10.71,"43.0""",2.79
Cedric Coward,Washington State,2025,11th,SG/SF,"6'6.5"" (7'2.25"" wingspan)",213 lbs,Senior,21.77 yrs,"Sep 11, 2003",USA,"Fresno, CA",Central High School,"7'2.25""","8'10""",6,33.0,5.7-10.2,.557,2.0-5.0,.400,4.3-5.2,.839,7.0,3.7,1.7,0.8,2.2,2.7,17.7,6,36.0,6.2-11.1,.557,2.2-5.5,.400,4.7-5.6,.839,7.6,4.0,1.8,0.9,2.4,2.9,19.3,https://tankathon.com/players/cedric-coward,.492,1.69,0.94,9.3,2.2,108.9,.040,.656,.508,7.0,135.2,.162,26.0,.375,.700,22.1,.202,3.06,10.97,"38.5""",3.02
Maxime Raynaud,Stanford,2025,42nd,C,"7'1.5"" (7'1.25"" wingspan)",237 lbs,Senior,22.20 yrs,"Apr 7, 2003",France,"Paris, France",Lycee Henri IV,"7'1.25""","9'2""",35,33.5,7.5-16.1,.467,1.9-5.5,.347,3.3-4.2,.770,10.6,1.7,1.4,0.9,2.4,2.0,20.2,35,36.0,8.1-17.3,.467,2.1-5.9,.347,3.5-4.5,.770,11.4,1.8,1.5,0.9,2.6,2.2,21.7,https://tankathon.com/players/maxime-raynaud,.343,0.69,0.38,7.0,0.8,101.9,.068,.527,.263,6.2,112.2,.102,25.6,.363,.558,31.5,.171,3.23,11.31,"31.5""",3.16
Andre Curbelo,Southern Miss,2025,,PG,"6'1""",175 lbs,Senior,23.68 yrs,"Oct 13, 2001",Puerto Rico,"Vega Baja, Puerto Rico",Long Island Lutheran,,,20,24.3,3.9-9.2,.421,0.5-1.4,.357,1.6-2.1,.756,3.6,4.7,0.3,1.9,3.4,2.6,9.8,20,36.0,5.7-13.6,.421,0.7-2.1,.357,2.3-3.0,.756,5.3,6.9,0.4,2.8,5.0,3.9,14.5,https://tankathon.com/players/andre-curbelo,.153,1.39,1.49,-3.2,0.4,102.1,.066,.448,.224,-3.7,89.9,-.025,14.2,.339,.482,27.1,.049,,,,
Ace Bailey,Rutgers,2025,5th,SF,"6'8.75"" (7'0.5"" wingspan)",203 lbs,Freshman,18.85 yrs,"Aug 13, 2006",USA,"Chattanooga, TN",McEachern High School,"7'0.5""","8'11""",30,33.3,6.8-14.7,.460,1.6-4.5,.346,2.5-3.6,.692,7.2,1.3,1.3,1.0,2.0,2.8,17.6,30,36.0,7.3-15.9,.460,1.7-4.9,.346,2.7-3.9,.692,7.7,1.4,1.4,1.1,2.2,3.0,19.0,https://tankathon.com/players/ace-bailey,.308,0.62,0.30,4.5,0.8,109.1,.044,.514,.243,3.7,108.2,.068,19.9,.346,.536,27.5,.112,3.12,10.97,"34.5""",2.78
Wooga Poplar,Villanova,2025,,SG,"6'5""",197 lbs,Senior,22.45 yrs,"Jan 5, 2003",USA,"Philadelphia, PA","Math, Civics and Sciences Charter School",,,36,31.9,5.3-11.6,.460,1.9-5.0,.387,2.6-3.1,.856,7.0,1.5,0.3,1.3,1.8,2.2,15.3,36,36.0,6.0-13.1,.460,2.2-5.7,.387,3.0-3.5,.856,7.9,1.7,0.3,1.4,2.0,2.5,17.2,https://tankathon.com/players/wooga-poplar,.434,0.82,0.38,6.3,2.1,103.3,.063,.544,.266,4.2,115.3,.094,20.8,.378,.584,25.4,.157,,,,
Tyrese Proctor,Duke,2025,49th,PG,"6'5.5"" (6'7.25"" wingspan)",183 lbs,Junior,21.22 yrs,"Apr 1, 2004",Australia,"Sydney, Australia",NBA Global Academy,"6'7.25""","8'4.5""",38,29.9,4.3-9.6,.452,2.3-5.8,.405,1.3-2.0,.680,3.0,2.2,0.1,0.8,1.1,1.9,12.4,38,36.0,5.2-11.6,.452,2.8-7.0,.405,1.6-2.4,.680,3.6,2.7,0.1,0.9,1.3,2.3,14.9,https://tankathon.com/players/tyrese-proctor,.603,2.12,0.64,7.4,3.1,100.6,.074,.574,.205,4.4,123.1,.102,16.1,.364,.587,20.1,.176,3.19,10.75,"36.5""",3.0
Max Shulga,VCU,2025,57th,PG/SG,"6'5.5"" (6'5.75"" wingspan)",206 lbs,Senior,22.99 yrs,"Jun 25, 2002",Ukraine,"Kyiv, Ukraine",Basketball School of Excellence,"6'5.75""","8'3""",35,32.8,4.4-10.1,.435,2.1-5.3,.387,4.2-5.4,.783,5.9,4.0,0.1,1.8,1.7,2.0,15.0,35,36.0,4.8-11.0,.435,2.3-5.8,.387,4.6-5.9,.783,6.4,4.4,0.1,1.9,1.9,2.2,16.5,https://tankathon.com/players/max-shulga,.528,2.36,1.05,9.4,3.6,94.8,.094,.537,.537,5.8,130.4,.150,23.2,.369,.595,21.9,.244,3.21,11.35,"34.5""",3.06
Ryan Kalkbrenner,Creighton,2025,34th,C,"7'2.25"" (7'6"" wingspan)",257 lbs,Senior,23.42 yrs,"Jan 17, 2002",USA,"Florissant, MO",Trinity Catholic,"7'6""","9'4""",35,34.5,7.7-11.9,.653,0.6-1.7,.344,3.1-4.6,.681,8.7,1.5,2.7,0.5,1.5,1.4,19.2,35,36.0,8.1-12.4,.653,0.6-1.8,.344,3.3-4.8,.681,9.0,1.6,2.8,0.6,1.5,1.5,20.1,https://tankathon.com/players/ryan-kalkbrenner,.147,1.06,0.42,12.2,4.4,99.4,.080,.678,.386,7.7,132.7,.159,29.1,.326,.684,23.6,.235,3.34,12.05,"33.0""",3.1
Thomas Sorber,Georgetown,2025,15th,PF/C,"6'10.5"" (7'6"" wingspan)",263 lbs,Freshman,19.48 yrs,"Dec 25, 2005",USA,"Trenton, NJ",Archbishop Ryan,"7'6""","9'1""",24,31.3,5.5-10.4,.532,0.3-1.5,.162,3.2-4.4,.724,8.5,2.4,2.0,1.5,2.3,2.2,14.5,24,36.0,6.4-12.0,.532,0.3-1.8,.162,3.6-5.0,.724,9.7,2.8,2.3,1.7,2.6,2.5,16.7,https://tankathon.com/players/thomas-sorber,.148,1.07,0.66,8.5,4.4,96.7,.090,.544,.420,4.1,114.7,.090,24.7,.318,.580,23.6,.181,,,,
Walter Clayton Jr.,Florida,2025,18th,PG,"6'3.25"" (6'4"" wingspan)",199 lbs,Senior,22.29 yrs,"Mar 6, 2003",USA,"Lake Wales, FL",Bartow High School,"6'4""","8'1.5""",39,32.6,6.0-13.4,.448,3.0-7.8,.386,3.2-3.7,.875,3.7,4.2,0.5,1.2,2.4,1.9,18.3,39,36.0,6.7-14.8,.448,3.3-8.6,.386,3.6-4.1,.875,4.1,4.6,0.6,1.3,2.7,2.1,20.2,https://tankathon.com/players/walter-clayton-jr,.578,1.73,0.91,11.2,3.4,102.4,.066,.560,.275,7.8,124.4,.138,21.6,.398,.602,25.6,.205,3.14,10.52,"37.0""",2.81
Dylan Harper,Rutgers,2025,2nd,PG/SG,"6'5.75"" (6'10.5"" wingspan)",213 lbs,Freshman,19.30 yrs,"Mar 2, 2006",USA,"Franklin Lakes, NJ",Don Bosco Prep,"6'10.5""","8'6""",29,32.6,6.7-13.8,.484,1.7-5.2,.333,4.3-5.8,.750,4.6,4.0,0.6,1.4,2.4,1.9,19.4,29,36.0,7.4-15.3,.484,1.9-5.7,.333,4.8-6.4,.750,5.1,4.5,0.6,1.6,2.7,2.1,21.5,https://tankathon.com/players/dylan-harper,.374,1.67,0.93,9.2,2.1,110.1,.038,.546,.419,7.0,118.1,.127,24.6,.357,.587,29.0,.165,3.16,11.07,"36.5""",3.05
Noah Penda,,2025,32nd,SF,"6'7""",225 lbs,International,20.45 yrs,"Jan 7, 2005",France,,,,,37,27.3,3.5-7.9,.447,1.0-3.1,.322,2.2-3.3,.667,5.5,2.7,0.9,1.2,1.6,2.0,10.2,37,36.0,4.6-10.4,.447,1.3-4.1,.322,2.9-4.4,.667,7.3,3.5,1.2,1.6,2.2,2.7,13.5,https://tankathon.com/players/noah-penda,.395,1.62,0.83,,,110.0,,.510,.423,,115.9,,16.2,.335,.542,18.4,,,,,
Micah Peavy,Georgetown,2025,40th,SG/SF,"6'7.5"" (6'7.25"" wingspan)",212 lbs,Senior,23.93 yrs,"Jul 16, 2001",USA,"Cibolo, TX",Duncanville High School,"6'7.25""","8'5""",32,37.0,6.8-14.2,.481,1.6-4.1,.400,1.9-2.8,.659,5.8,3.6,0.5,2.3,2.6,2.9,17.2,32,36.0,6.7-13.8,.481,1.6-4.0,.400,1.8-2.8,.659,5.6,3.5,0.5,2.3,2.5,2.9,16.7,https://tankathon.com/players/micah-peavy,.286,1.37,0.81,6.3,3.2,101.1,.071,.538,.200,3.1,109.8,.071,19.7,.342,.552,24.7,.142,3.13,10.9,"35.5""",3.06
Yanic Konan Niederhauser,Penn State,2025,30th,C,"7'0.5"" (7'3.25"" wingspan)",243 lbs,Junior,22.27 yrs,"Mar 14, 2003",Switzerland,"Fraschels, Switzerland",Urspring School,"7'3.25""","9'3""",29,25.1,4.9-8.1,.611,0.0-0.4,.091,3.0-4.5,.664,6.3,0.8,2.3,0.7,1.7,2.5,12.9,29,36.0,7.1-11.6,.611,0.0-0.5,.091,4.3-6.5,.664,9.1,1.1,3.3,0.9,2.4,3.6,18.5,https://tankathon.com/players/yanic-konan-niederhauser,.047,0.46,0.26,6.1,3.1,100.2,.077,.613,.560,2.9,118.9,.104,24.3,.313,.631,23.5,.181,3.2,11.45,"37.0""",2.84
Adou Thiero,Arkansas,2025,36th,SF/PF,"6'7.5"" (7'0"" wingspan)",218 lbs,Junior,21.12 yrs,"May 8, 2004",USA,"Pittsburgh, PA",Quaker Valley High School,"7'0""","8'8.5""",27,27.5,5.1-9.4,.545,0.4-1.6,.256,4.4-6.5,.686,5.8,1.9,0.7,1.6,1.7,2.6,15.1,27,36.0,6.7-12.3,.545,0.5-2.1,.256,5.8-8.5,.686,7.6,2.5,1.0,2.1,2.2,3.3,19.7,https://tankathon.com/players/adou-thiero,.170,1.11,0.54,10.6,4.7,99.2,.081,.567,.692,5.9,120.6,.124,25.1,.322,.605,25.8,.205,,,,
Hugo González,,2025,28th,SF,"6'6""",207 lbs,International,19.37 yrs,"Feb 5, 2006",Spain,"Madrid, Spain",,,,69,10.7,1.2-2.8,.408,0.4-1.3,.284,0.7-1.0,.758,1.8,0.6,0.3,0.3,0.6,1.8,3.4,69,36.0,3.9-9.5,.408,1.2-4.3,.284,2.4-3.2,.758,5.9,1.9,1.0,1.0,2.0,6.1,11.4,https://tankathon.com/players/hugo-gonzalez,.449,0.95,0.49,,,108.2,,.472,.337,,104.6,,9.8,.345,.517,17.0,,,,,
Koby Brea,Kentucky,2025,41st,SG,"6'7"" (6'5.25"" wingspan)",202 lbs,Senior,22.62 yrs,"Nov 6, 2002",USA,"Bronx, NY",Monsignor Scanlan High School,"6'5.25""","8'5.5""",36,28.1,4.1-8.7,.470,2.6-5.9,.435,0.9-1.0,.914,3.2,1.3,0.3,0.5,0.5,1.3,11.6,36,36.0,5.2-11.2,.470,3.3-7.6,.435,1.1-1.2,.914,4.1,1.7,0.4,0.6,0.6,1.7,14.9,https://tankathon.com/players/koby-brea,.684,2.82,0.48,7.1,1.3,112.4,.032,.618,.112,5.8,130.1,.099,16.1,.405,.636,16.7,.131,3.31,11.4,"34.0""",3.23
Derik Queen,Maryland,2025,13th,C,"6'10.5"" (7'0.5"" wingspan)",248 lbs,Freshman,20.48 yrs,"Dec 27, 2004",USA,"Baltimore, MD",Montverde Academy,"7'0.5""","9'1.5""",36,30.4,5.8-11.1,.526,0.2-1.0,.200,4.6-6.1,.766,9.0,1.9,1.1,1.1,2.4,2.1,16.5,36,36.0,6.9-13.1,.526,0.2-1.2,.200,5.5-7.2,.766,10.6,2.2,1.3,1.3,2.8,2.5,19.6,https://tankathon.com/players/derik-queen,.088,0.79,0.44,9.2,4.2,92.4,.102,.535,.546,5.1,117.0,.113,24.7,.324,.591,26.6,.216,3.52,12.45,"28.0""",3.27
Dink Pate,,2025,,SF,"6'7.5"" (6'9.75"" wingspan)",201 lbs,G League,19.28 yrs,"Mar 10, 2006",USA,"Dallas, TX",L.G. Pinkston High School,"6'9.75""","8'8""",34,26.9,4.0-9.8,.407,0.9-3.5,.258,0.7-1.3,.581,5.2,1.9,0.1,0.6,1.7,2.0,10.1,34,36.0,5.3-13.1,.407,1.2-4.7,.258,1.0-1.7,.581,6.9,2.5,0.1,0.8,2.3,2.7,13.5,https://tankathon.com/players/dink-pate,.361,1.09,0.52,,,,.048,.453,.130,,,-.083,8.1,.320,.485,20.4,-.031,3.29,10.63,"32.5""",2.97
Kobe Johnson,UCLA,2025,,SG,"6'6""",200 lbs,Senior,22.43 yrs,"Jan 15, 2003",USA,"Milwaukee, WI",Nicolet High School,,,34,29.0,2.9-6.1,.464,1.1-3.1,.362,1.1-1.6,.704,5.9,2.9,0.3,1.6,1.5,2.9,7.9,34,36.0,3.5-7.6,.464,1.4-3.8,.362,1.4-2.0,.704,7.4,3.7,0.3,2.0,1.8,3.5,9.9,https://tankathon.com/players/kobe-johnson,.502,2.00,1.19,8.3,5.0,96.9,.085,.555,.258,3.3,118.0,.073,16.4,.343,.575,15.0,.158,,,,
Carter Bryant,Arizona,2025,14th,SF/PF,"6'7.75"" (6'11.75"" wingspan)",215 lbs,Freshman,19.56 yrs,"Nov 26, 2005",USA,"Riverside, CA",Centennial High School,"6'11.75""","8'10""",37,19.3,2.2-4.8,.460,1.1-2.8,.371,1.1-1.6,.695,4.1,1.0,1.0,0.9,1.0,2.3,6.5,37,36.0,4.1-8.9,.460,2.0-5.3,.371,2.1-3.0,.695,7.7,1.8,1.9,1.8,1.9,4.3,12.2,https://tankathon.com/players/carter-bryant,.597,0.97,0.51,8.8,5.3,100.1,.078,.571,.335,3.5,116.5,.067,16.6,.352,.593,16.4,.140,3.07,11.25,"39.5""",3.14
Liam McNeeley,UConn,2025,29th,SF,"6'8"" (6'8.5"" wingspan)",215 lbs,Freshman,19.69 yrs,"Oct 10, 2005",USA,"Richardson, TX",Montverde Academy,"6'8.5""","8'3.5""",27,32.1,4.4-11.5,.381,1.7-5.4,.317,4.1-4.7,.866,6.0,2.3,0.2,0.6,1.9,2.0,14.5,27,36.0,4.9-12.9,.381,1.9-6.0,.317,4.6-5.3,.866,6.7,2.5,0.2,0.6,2.1,2.2,16.3,https://tankathon.com/players/liam-mcneeley,.468,1.22,0.51,3.4,0.8,107.1,.051,.455,.410,2.6,112.5,.083,16.1,.373,.529,25.6,.134,3.16,11.11,"36.5""",2.75
Rocco Zikarsky,,2025,45th,C,"7'4.25"" (7'4.75"" wingspan)",257 lbs,International,18.95 yrs,"Jul 10, 2006",Australia,"Sunshine Coast, Australia",,"7'4.75""","9'6.5""",20,12.2,1.8-3.6,.500,0.1-0.3,.200,1.0-1.6,.625,3.5,0.3,0.7,0.3,0.6,1.3,4.7,20,36.0,5.3-10.7,.500,0.1-0.7,.200,3.0-4.7,.625,10.4,0.9,2.1,0.9,1.8,3.9,13.8,https://tankathon.com/players/rocco-zikarsky,.069,0.50,0.20,,,114.7,,.507,.444,,114.7,,16.0,.309,.533,17.1,,3.48,11.92,"31.5""",3.0
Vladislav Goldin,Michigan,2025,,C,"7'1.25"" (7'5.25"" wingspan)",253 lbs,Senior,24.11 yrs,"May 12, 2001",Russia,"Nalchik, Russia",Putnam Science Academy,"7'5.25""","9'3""",37,27.5,6.0-9.9,.607,0.3-0.9,.333,4.3-5.9,.731,7.0,1.1,1.4,0.5,2.3,2.0,16.6,37,36.0,7.8-12.9,.607,0.4-1.2,.333,5.7-7.7,.731,9.2,1.4,1.8,0.7,3.0,2.6,21.7,https://tankathon.com/players/vladislav-goldin,.090,0.47,0.32,10.4,3.8,100.0,.075,.622,.598,6.6,121.5,.130,25.7,.329,.654,26.7,.204,3.53,11.76,"30.0""",2.95
Asa Newell,Georgia,2025,23rd,PF,"6'10.25"" (6'11.25"" wingspan)",224 lbs,Freshman,19.71 yrs,"Oct 5, 2005",USA,"Destin, FL",Montverde Academy,"6'11.25""","8'11.5""",33,29.0,5.8-10.7,.543,0.8-2.7,.292,3.1-4.1,.748,6.9,0.9,1.0,1.0,1.1,2.4,15.4,33,36.0,7.2-13.2,.543,1.0-3.3,.292,3.8-5.1,.748,8.5,1.1,1.2,1.2,1.4,3.0,19.1,https://tankathon.com/players/asa-newell,.253,0.78,0.29,9.6,2.0,104.2,.058,.580,.384,7.6,131.5,.159,26.1,.339,.612,23.5,.217,3.26,10.95,"36.5""",2.78
Cooper Flagg,Duke,2025,1st,SF/PF,"6'9"" (7'0"" wingspan)",221 lbs,Freshman,18.50 yrs,"Dec 21, 2006",USA,"Newport, ME",Montverde Academy,"7'0""","8'10.5""",37,30.7,6.5-13.4,.481,1.4-3.6,.385,4.8-5.8,.840,7.5,4.2,1.4,1.4,2.1,1.9,19.2,37,36.0,7.6-15.8,.481,1.6-4.3,.385,5.7-6.8,.840,8.8,4.9,1.6,1.6,2.5,2.2,22.5,https://tankathon.com/players/cooper-flagg,.272,2.00,0.87,16.3,6.7,89.5,.116,.533,.429,9.7,126.3,.180,30.4,.367,.593,30.9,.296,3.3,10.64,"35.5""",2.92
Bogoljub Marković,,2025,47th,PF,"6'11""",190 lbs,International,19.94 yrs,"Jul 12, 2005",Serbia,"Uzise, Serbia",,,,32,29.2,4.8-8.8,.546,1.0-2.7,.388,3.3-4.3,.765,6.9,2.6,0.9,0.8,2.7,3.3,13.9,32,36.0,5.9-10.9,.546,1.3-3.3,.388,4.0-5.2,.765,8.5,3.2,1.1,1.0,3.3,4.0,17.2,https://tankathon.com/players/bogoljub-markovic,.301,0.95,0.73,,,107.0,,.605,.482,,114.6,,18.1,.350,.642,21.8,,,,,
V.J. Edgecombe,Baylor,2025,3rd,SG,"6'5.25"" (6'7.5"" wingspan)",193 lbs,Freshman,19.89 yrs,"Jul 30, 2005",Bahamas,"Bimini, Bahamas",Long Island Lutheran,"6'7.5""","8'5.5""",33,32.7,5.0-11.5,.436,1.6-4.6,.340,3.4-4.3,.782,5.6,3.2,0.6,2.1,1.9,2.5,15.0,33,36.0,5.5-12.7,.436,1.7-5.1,.340,3.7-4.7,.782,6.2,3.5,0.7,2.3,2.1,2.8,16.5,https://tankathon.com/players/v-j-edgecombe,.402,1.66,0.80,11.4,4.3,102.5,.067,.504,.373,7.1,119.1,.111,22.1,.359,.552,24.1,.178,3.2,11.27,"38.5""",2.93
Javon Small,West Virginia,2025,48th,PG,"6'2.25"" (6'4.75"" wingspan)",190 lbs,Senior,22.50 yrs,"Dec 19, 2002",USA,"South Bend, IN",AZ Compass Prep,"6'4.75""","8'0""",32,36.1,5.7-13.7,.418,2.6-7.3,.353,4.6-5.2,.880,4.1,5.6,0.3,1.5,2.7,1.5,18.6,32,36.0,5.7-13.6,.418,2.6-7.3,.353,4.5-5.2,.880,4.1,5.6,0.3,1.5,2.7,1.5,18.5,https://tankathon.com/players/javon-small,.537,2.07,1.24,10.6,3.6,100.4,.076,.513,.379,7.0,115.4,.114,22.3,.387,.576,28.2,.187,3.07,10.74,"40.5""",2.87
Eric Dixon,Villanova,2025,,PF,"6'8.75"" (6'11.5"" wingspan)",259 lbs,Senior,24.40 yrs,"Jan 26, 2001",USA,"Willow Grove, PA",Abington Senior High School,"6'11.5""","8'8""",35,34.8,7.7-17.1,.451,2.9-7.2,.407,5.0-6.1,.813,5.1,1.9,0.3,0.8,2.1,2.0,23.3,35,36.0,8.0-17.6,.451,3.0-7.5,.407,5.1-6.3,.813,5.3,2.0,0.3,0.9,2.2,2.1,24.1,https://tankathon.com/players/eric-dixon,.424,0.89,0.38,8.5,0.1,109.9,.039,.537,.358,8.3,119.5,.154,25.7,.386,.583,34.7,.194,3.41,11.56,"32.5""",3.09
Ben Saraf,,2025,26th,PG/SG,"6'5""",200 lbs,International,19.18 yrs,"Apr 14, 2006",Israel,"Gan Yoshiya, Israel",,,,60,23.4,4.5-10.1,.444,0.7-2.3,.290,2.4-3.2,.749,2.8,4.1,0.3,1.1,2.7,2.2,12.0,60,36.0,6.9-15.6,.444,1.0-3.5,.290,3.7-4.9,.749,4.3,6.3,0.4,1.7,4.1,3.4,18.5,https://tankathon.com/players/ben-saraf,.228,1.52,1.16,,,107.7,,.477,.315,,104.3,,15.5,.340,.517,27.6,,,,,
John Tonje,Wisconsin,2025,53rd,SG,"6'6"" (6'9"" wingspan)",212 lbs,Senior,24.16 yrs,"Apr 23, 2001",USA,"North Omaha, NE",Omaha Central High School,"6'9""","8'6.5""",37,31.1,5.5-11.9,.465,2.3-5.9,.388,6.2-6.9,.909,5.3,1.8,0.2,0.7,1.8,1.7,19.6,37,36.0,6.4-13.7,.465,2.7-6.8,.388,7.2-7.9,.909,6.1,2.1,0.3,0.8,2.1,2.0,22.6,https://tankathon.com/players/john-tonje,.499,0.99,0.42,11.0,2.4,105.2,.056,.562,.579,8.6,128.2,.163,24.8,.392,.647,28.0,.222,3.2,11.14,"37.0""",3.21
Jamir Watkins,Florida State,2025,43rd,SG/SF,"6'6.25"" (6'11.25"" wingspan)",215 lbs,Senior,23.96 yrs,"Jul 6, 2001",USA,"Trenton, NJ",Trenton Catholic,"6'11.25""","8'6.5""",32,30.9,5.5-13.0,.427,1.7-5.2,.321,5.7-7.7,.747,5.7,2.4,0.5,1.2,2.7,3.2,18.4,32,36.0,6.4-15.1,.427,1.9-6.0,.321,6.7-8.9,.747,6.6,2.8,0.6,1.4,3.1,3.7,21.5,https://tankathon.com/players/jamir-watkins,.398,0.88,0.52,5.6,1.6,103.5,.065,.490,.590,4.0,109.3,.085,20.4,.357,.555,31.1,.149,3.14,11.19,"37.0""",3.21
Payton Sandfort,Iowa,2025,,SF,"6'7.5"" (6'8"" wingspan)",212 lbs,Senior,22.94 yrs,"Jul 12, 2002",USA,"Wuakee, IA",Waukee High School,"6'8""","8'8""",33,31.9,5.6-13.8,.407,2.5-7.5,.340,3.0-3.3,.891,6.0,2.9,0.7,0.8,1.8,2.6,16.7,33,36.0,6.3-15.5,.407,2.9-8.4,.340,3.3-3.8,.891,6.8,3.2,0.8,0.9,2.0,3.0,18.9,https://tankathon.com/players/payton-sandfort,.544,1.61,0.57,4.4,0.2,111.8,.034,.500,.242,4.2,111.0,.080,18.5,.393,.545,26.9,.114,3.43,11.57,"28.0""",2.84
Collin Murray-Boyles,South Carolina,2025,9th,PF,"6'7.75"" (7'0.75"" wingspan)",239 lbs,Sophomore,20.03 yrs,"Jun 10, 2005",USA,"Columbia, SC",Wasatch Academy,"7'0.75""","8'10""",32,30.6,6.2-10.6,.586,0.3-1.1,.265,4.2-5.9,.707,8.3,2.4,1.3,1.5,2.4,2.6,16.8,32,36.0,7.3-12.4,.586,0.3-1.2,.265,4.9-6.9,.707,9.7,2.8,1.6,1.7,2.9,3.0,19.8,https://tankathon.com/players/collin-murray-boyles,.101,0.99,0.79,11.9,5.0,100.4,.073,.599,.556,6.9,119.6,.127,27.8,.321,.630,26.7,.200,3.15,11.21,"34.5""",2.86
Kam Jones,Marquette,2025,38th,PG/SG,"6'4.5"" (6'6"" wingspan)",202 lbs,Senior,23.32 yrs,"Feb 25, 2002",USA,"Memphis, TN",Evangelical Christian School,"6'6""","8'4.5""",34,33.8,7.8-16.2,.483,1.9-6.1,.311,1.7-2.6,.648,4.5,5.9,0.3,1.4,1.9,2.2,19.2,34,36.0,8.3-17.3,.483,2.0-6.5,.311,1.8-2.8,.648,4.8,6.3,0.3,1.5,2.0,2.3,20.5,https://tankathon.com/players/kam-jones,.374,3.17,1.32,10.6,3.3,103.0,.066,.541,.160,7.3,119.4,.136,24.5,.345,.551,28.9,.202,3.27,11.42,"31.5""",3.11
Joan Beringer,,2025,17th,C,"6'10""",230 lbs,International,18.61 yrs,"Nov 11, 2006",France,"Strasbourg, France",,,,64,18.8,2.2-3.4,.644,0.0-0.0,.000,1.0-1.8,.566,4.9,0.5,1.4,0.5,0.7,2.3,5.4,64,36.0,4.2-6.6,.644,0.0-0.0,.000,1.9-3.4,.566,9.4,0.9,2.7,1.0,1.3,4.5,10.4,https://tankathon.com/players/joan-beringer,.005,0.70,0.34,,,103.4,,.644,.516,,125.6,,16.2,.299,.634,12.3,,,,,
Tamar Bates,Missouri,2025,,SG,"6'5"" (6'10.25"" wingspan)",191 lbs,Senior,22.33 yrs,"Feb 21, 2003",USA,"Kansas City, KS",IMG Academy,"6'10.25""","8'7""",34,26.0,4.6-9.0,.508,1.5-3.9,.397,2.6-2.7,.946,2.6,1.0,0.1,1.3,1.3,1.8,13.3,34,36.0,6.4-12.5,.508,2.1-5.3,.397,3.5-3.8,.946,3.6,1.4,0.2,1.8,1.8,2.4,18.4,https://tankathon.com/players/tamar-bates,.427,0.77,0.34,7.8,2.0,109.0,.041,.593,.300,5.8,126.9,.122,20.4,.389,.643,22.1,.168,3.26,10.75,"33.5""",2.99
Jeremiah Fears,Oklahoma,2025,7th,PG,"6'3.75"" (6'5.25"" wingspan)",180 lbs,Freshman,18.68 yrs,"Oct 14, 2006",USA,"Joliet, IL",AZ Compass Prep,"6'5.25""","8'2.5""",34,30.2,5.3-12.2,.434,1.1-3.9,.284,5.4-6.3,.851,4.1,4.1,0.1,1.6,3.4,1.9,17.1,34,36.0,6.3-14.5,.434,1.3-4.7,.284,6.4-7.5,.851,4.9,4.9,0.1,2.0,4.1,2.2,20.4,https://tankathon.com/players/jeremiah-fears,.323,1.21,0.91,5.9,1.7,107.5,.047,.480,.518,4.2,108.2,.082,20.7,.360,.562,31.5,.132,3.05,10.95,"36.5""",3.09
Chucky Hepburn,Louisville,2025,,PG,"6'2""",190 lbs,Senior,22.36 yrs,"Feb 9, 2003",USA,"Omaha, NE",Bellevue West High School,,,34,34.8,4.9-11.3,.432,1.9-5.6,.328,4.8-5.6,.844,3.5,5.8,0.1,2.4,3.0,2.7,16.4,34,36.0,5.0-11.7,.432,1.9-5.8,.328,4.9-5.8,.844,3.6,6.0,0.1,2.5,3.1,2.8,16.9,https://tankathon.com/players/chucky-hepburn,.500,1.92,1.28,9.3,4.8,99.5,.078,.514,.500,4.5,118.2,.111,20.9,.370,.586,24.4,.193,,,,
Ryan Nembhard,Gonzaga,2025,,PG,"6'0.25"" (6'2.25"" wingspan)",176 lbs,Senior,22.28 yrs,"Mar 10, 2003",Canada,"Aurora, ON",Montverde Academy,"6'2.25""","7'10""",35,35.1,3.8-8.5,.446,1.1-2.7,.404,1.9-2.5,.770,3.0,9.8,0.1,1.7,2.5,1.6,10.5,35,36.0,3.9-8.7,.446,1.1-2.8,.404,2.0-2.6,.770,3.0,10.1,0.1,1.8,2.5,1.6,10.8,https://tankathon.com/players/ryan-nembhard,.318,4.00,2.44,8.1,3.1,101.8,.068,.510,.294,5.0,121.2,.101,18.0,.349,.547,17.0,.169,3.22,11.5,"32.5""",2.88
Sion James,Duke,2025,33rd,SF,"6'5.75"" (6'6.5"" wingspan)",218 lbs,Senior,22.54 yrs,"Dec 4, 2002",USA,"Sugar Hill, GA",Lanier High School,"6'6.5""","8'4""",39,25.5,2.9-5.6,.516,0.8-1.9,.413,2.1-2.6,.810,4.2,2.9,0.3,0.8,1.2,2.0,8.6,39,36.0,4.0-7.8,.516,1.1-2.7,.413,2.9-3.6,.810,5.9,4.2,0.4,1.2,1.7,2.9,12.1,https://tankathon.com/players/sion-james,.346,2.45,1.17,9.3,4.9,96.8,.088,.588,.461,4.3,131.1,.116,17.9,.355,.635,16.2,.205,2.97,10.91,"39.5""",2.93
Hunter Sallis,Wake Forest,2025,,SG/PG,"6'5"" (6'10"" wingspan)",181 lbs,Senior,22.24 yrs,"Mar 26, 2003",USA,"Omaha, NE",Millard North High School,"6'10""","8'4""",32,35.9,6.6-14.4,.457,1.3-4.8,.277,3.7-4.6,.804,5.1,2.8,0.5,1.2,2.4,2.3,18.3,32,36.0,6.6-14.5,.457,1.3-4.9,.277,3.7-4.6,.804,5.1,2.8,0.5,1.2,2.4,2.3,18.3,https://tankathon.com/players/hunter-sallis,.335,1.15,0.65,5.6,2.4,102.5,.066,.503,.320,3.2,107.6,.066,18.8,.353,.549,27.7,.132,3.22,10.99,"37.5""",2.94
Hansen Yang,,2025,16th,C,"7'2.25"" (7'2.75"" wingspan)",253 lbs,International,19.98 yrs,"Jun 26, 2005",China,China,,"7'2.75""","9'3""",53,33.0,6.3-10.6,.595,0.3-1.1,.286,3.2-4.7,.677,10.0,2.8,2.7,0.9,3.1,3.2,16.2,53,36.0,6.9-11.6,.595,0.3-1.2,.286,3.5-5.2,.677,11.0,3.1,3.0,1.0,3.4,3.4,17.6,https://tankathon.com/players/hansen-yang,.099,0.91,0.65,,,103.9,,.609,.446,,115.0,,20.2,.318,.627,21.4,,3.38,11.79,"30.0""",3.01
Brice Williams,Nebraska,2025,,SG,"6'6.5"" (6'10.75"" wingspan)",206 lbs,Senior,23.96 yrs,"Jul 5, 2001",USA,"Huntersville, NC",Hopewell High School,"6'10.75""","8'7""",35,34.1,6.5-13.8,.471,1.9-5.3,.370,5.4-6.1,.883,4.1,2.9,0.3,1.1,2.4,1.8,20.4,35,36.0,6.9-14.6,.471,2.1-5.6,.370,5.7-6.5,.883,4.3,3.0,0.3,1.1,2.5,1.9,21.5,https://tankathon.com/players/brice-williams,.380,1.20,0.63,8.0,1.8,107.5,.050,.541,.442,6.2,118.5,.124,22.4,.379,.609,28.7,.171,3.2,11.19,"32.5""",2.98
Izan Almansa,,2025,,PF,"6'10.5"" (7'1.75"" wingspan)",220 lbs,International,20.04 yrs,"Jun 7, 2005",Spain,"Murcia, Spain",,"7'1.75""","9'1.5""",36,16.1,2.9-5.6,.520,0.2-0.6,.304,1.1-1.9,.586,4.0,0.8,0.3,0.4,0.6,1.7,7.2,36,36.0,6.5-12.6,.520,0.4-1.4,.304,2.5-4.4,.586,9.0,1.7,0.7,0.9,1.2,3.7,16.0,https://tankathon.com/players/izan-almansa,.114,1.40,0.39,,,116.6,,.537,.347,,119.4,,16.1,.308,.548,18.1,,3.33,11.46,"34.0""",2.93
Kobe Sanders,Nevada,2025,50th,SG,"6'8.25"" (6'8.25"" wingspan)",203 lbs,Senior,23.06 yrs,"May 30, 2002",USA,"San Diego, CA",Christian High School,"6'8.25""","8'7""",33,31.7,5.2-11.4,.460,1.2-3.6,.342,4.1-5.2,.795,3.9,4.5,0.3,1.1,1.8,2.2,15.8,33,36.0,6.0-13.0,.460,1.4-4.1,.342,4.7-5.9,.795,4.4,5.1,0.3,1.3,2.1,2.5,18.0,https://tankathon.com/players/kobe-sanders,.319,2.41,1.10,7.0,1.5,106.5,.054,.515,.455,5.6,118.8,.122,22.0,.355,.572,27.1,.176,3.19,10.95,"36.0""",3.0
Noa Essengue,,2025,12th,SF/PF,"6'9""",194 lbs,International,18.50 yrs,"Dec 18, 2006",France,"Orleans, France",,,,60,22.8,3.4-6.4,.521,0.6-2.1,.276,3.4-4.8,.707,5.0,1.2,0.5,0.9,1.1,2.7,10.7,60,36.0,5.3-10.2,.521,0.9-3.3,.276,5.4-7.6,.707,7.8,1.8,0.8,1.4,1.7,4.2,16.9,https://tankathon.com/players/noa-essengue,.329,1.08,0.44,,,107.3,,.566,.751,,125.9,,18.4,.332,.613,19.4,,,,,
Kadary Richmond,St. John's,2025,,PG/SG,"6'5""",180 lbs,Senior,23.82 yrs,"Aug 25, 2001",USA,"Brooklyn, NY",Brewster Academy,,,36,32.3,5.3-10.9,.487,0.2-1.1,.175,1.6-3.1,.536,6.4,5.3,0.9,2.0,2.0,2.0,12.4,36,36.0,5.9-12.1,.487,0.2-1.2,.175,1.8-3.4,.536,7.1,5.9,1.0,2.2,2.2,2.2,13.9,https://tankathon.com/players/kadary-richmond,.102,2.69,1.41,10.1,6.9,90.1,.113,.496,.281,3.2,111.0,.069,20.3,.292,.504,20.9,.182,,,,
Jase Richardson,Michigan State,2025,25th,SG/PG,"6'1.75"" (6'6"" wingspan)",178 lbs,Freshman,19.68 yrs,"Oct 16, 2005",USA,"Denver, CO",Christopher Columbus High School,"6'6""","8'2.5""",36,25.3,4.0-8.1,.493,1.3-3.2,.412,2.8-3.4,.836,3.3,1.9,0.3,0.8,0.8,1.5,12.1,36,36.0,5.7-11.5,.493,1.9-4.5,.412,4.0-4.8,.836,4.7,2.7,0.4,1.2,1.2,2.2,17.3,https://tankathon.com/players/jase-richardson,.390,2.27,0.70,11.6,5.1,100.3,.075,.574,.418,6.5,132.0,.136,20.7,.370,.624,20.6,.211,3.22,10.97,"38.0""",3.08
Danny Wolf,Michigan,2025,27th,PF/C,"6'11.75"" (7'2.25"" wingspan)",252 lbs,Junior,21.13 yrs,"May 4, 2004",USA,"Glencoe, IL",Northfield Mount Hermon,"7'2.25""","9'1""",37,30.5,5.0-10.1,.497,1.0-3.1,.336,2.1-3.6,.594,9.7,3.6,1.4,0.7,3.2,2.1,13.2,37,36.0,5.9-11.9,.497,1.2-3.6,.336,2.5-4.2,.594,11.5,4.2,1.6,0.8,3.8,2.4,15.6,https://tankathon.com/players/danny-wolf,.302,1.10,0.94,9.5,5.2,96.1,.089,.548,.356,4.3,105.7,.053,19.4,.324,.559,24.2,.145,3.51,11.26,"30.0""",2.91
Jahmai Mashack,Tennessee,2025,59th,SG,"6'4""",202 lbs,Senior,22.61 yrs,"Nov 10, 2002",USA,"Fontana, CA",Etiwanda High School,,,38,28.2,1.9-4.3,.454,0.5-1.5,.351,1.6-2.2,.723,4.2,1.5,0.5,1.7,0.9,2.3,6.0,38,36.0,2.5-5.5,.454,0.7-1.9,.351,2.0-2.8,.723,5.4,1.9,0.7,2.2,1.2,2.9,7.7,https://tankathon.com/players/jahmai-mashack,.350,1.63,0.81,8.2,7.0,97.3,.086,.515,.509,1.2,120.0,.056,13.8,.333,.563,11.6,.142,,,,
Mohamed Diawara,,2025,51st,PF,"6'8""",200 lbs,International,20.14 yrs,"Apr 29, 2005",France,"Paris, France",,,,49,19.6,2.3-5.3,.439,0.6-2.2,.282,0.8-1.4,.557,3.2,1.3,0.1,0.7,0.9,2.1,6.1,49,36.0,4.3-9.8,.439,1.2-4.1,.282,1.5-2.6,.557,5.8,2.4,0.2,1.2,1.6,3.8,11.3,https://tankathon.com/players/mohamed-diawara,.420,1.52,0.63,,,107.7,,.498,.267,,106.9,,10.4,.317,.508,16.1,,,,,
Alex Toohey,,2025,52nd,SF,"6'9"" (6'10.75"" wingspan)",223 lbs,International,21.13 yrs,"May 4, 2004",Australia,"Canberra, Australia",,"6'10.75""","8'8.5""",32,23.5,4.0-8.6,.465,1.0-2.9,.340,2.4-3.2,.738,3.8,1.3,0.8,1.4,1.1,1.7,11.4,32,36.0,6.1-13.2,.465,1.5-4.5,.340,3.6-4.9,.738,5.8,2.1,1.2,2.2,1.7,2.6,17.4,https://tankathon.com/players/alex-toohey,.342,1.23,0.46,,,109.2,,.524,.375,,114.9,,17.7,.349,.562,20.4,,3.2,11.38,"31.5""",2.9
Saliou Niang,,2025,58th,SG,"6'5""",190 lbs,International,21.10 yrs,"May 14, 2004",Senegal,"Dakar, Senegal",,,,54,20.1,2.9-5.7,.513,0.2-0.6,.314,1.9-2.7,.696,5.2,1.5,0.2,0.7,2.0,2.5,7.9,54,36.0,5.2-10.2,.513,0.4-1.2,.314,3.4-4.9,.696,9.3,2.7,0.3,1.3,3.6,4.5,14.2,https://tankathon.com/players/saliou-niang,.114,0.74,0.59,,,107.3,,.531,.484,,104.8,,13.9,.323,.569,20.3,,,,,
Arthur Kaluma,Texas,2025,,PF,"6'7.25"" (7'0.5"" wingspan)",222 lbs,Senior,23.30 yrs,"Mar 1, 2002",USA,"Glendale, AZ",Dream City Christian,,,33,29.3,4.3-9.2,.462,1.0-2.8,.359,2.8-3.5,.784,7.5,1.8,0.9,0.9,1.6,2.1,12.3,33,36.0,5.3-11.4,.462,1.2-3.4,.359,3.4-4.3,.784,9.2,2.2,1.1,1.2,1.9,2.6,15.1,https://tankathon.com/players/arthur-kaluma,.302,1.15,0.54,7.6,3.1,102.2,.066,.516,.380,4.5,115.5,.087,20.0,.351,.564,21.8,.153,,,,
RJ Luis Jr.,St. John's,2025,,SF,"6'7"" (6'10.5"" wingspan)",210 lbs,Junior,22.56 yrs,"Nov 27, 2002",USA,"Miami, FL",Mt. Zion Prep,"6'10.5""","8'7.5""",35,31.8,6.5-14.9,.439,1.3-3.9,.336,3.8-5.1,.747,7.2,2.0,0.6,1.4,2.2,2.2,18.2,35,36.0,7.4-16.9,.439,1.5-4.4,.336,4.3-5.8,.747,8.1,2.3,0.6,1.6,2.5,2.5,20.6,https://tankathon.com/players/rj-luis-jr,.262,0.93,0.43,8.6,4.0,92.8,.101,.483,.341,4.7,111.4,.090,21.3,.350,.525,28.9,.190,3.13,11.24,"38.0""",2.98
Nique Clifford,Colorado State,2025,24th,SG/SF,"6'6.5"" (6'8"" wingspan)",202 lbs,Senior,23.36 yrs,"Feb 9, 2002",USA,"Colorado Springs, CO",The Vanguard School,"6'8""","8'6.5""",36,35.4,6.6-13.3,.496,1.8-4.9,.377,3.9-5.0,.777,9.6,4.4,0.6,1.2,2.6,2.4,18.9,36,36.0,6.7-13.6,.496,1.9-4.9,.377,3.9-5.1,.777,9.8,4.5,0.6,1.2,2.6,2.5,19.2,https://tankathon.com/players/nique-clifford,.365,1.72,0.97,11.1,3.8,96.1,.091,.565,.373,7.2,119.2,.129,25.1,.361,.603,27.7,.220,3.07,10.87,"35.5""",2.96
Nolan Traore,,2025,19th,PG,"6'3""",175 lbs,International,19.06 yrs,"May 28, 2006",France,"Chennevières-sur-Marne, France",,,,44,22.7,4.3-10.5,.410,1.3-4.0,.314,2.4-3.4,.711,1.9,4.7,0.0,0.7,2.5,2.3,12.3,44,36.0,6.8-16.6,.410,2.0-6.3,.314,3.8-5.4,.711,3.0,7.4,0.1,1.1,3.9,3.7,19.4,https://tankathon.com/players/nolan-traore,.380,1.91,1.41,,,114.5,,.470,.323,,105.7,,15.4,.353,.507,30.4,,,,,
Viktor Lakhin,Clemson,2025,,C,"6'11""",245 lbs,Senior,23.89 yrs,"Jul 30, 2001",Russia,"Anapa, Russia",,,,34,23.6,4.4-8.7,.507,0.7-1.9,.375,1.9-2.7,.696,6.4,1.5,1.5,1.0,1.5,2.9,11.4,34,36.0,6.7-13.3,.507,1.1-2.9,.375,2.9-4.1,.696,9.7,2.3,2.2,1.6,2.3,4.3,17.4,https://tankathon.com/players/viktor-lakhin,.216,1.00,0.52,8.8,4.4,93.4,.100,.547,.311,4.4,117.1,.110,25.1,.337,.571,25.7,.209,,,,
Will Richard,Florida,2025,56th,SG,"6'4""",206 lbs,Senior,22.49 yrs,"Dec 24, 2002",USA,"Fairburn, GA",Woodward Academy,,,40,31.6,4.6-9.5,.487,2.0-5.6,.359,2.0-2.4,.844,4.6,1.9,0.3,1.7,1.6,2.3,13.3,40,36.0,5.3-10.8,.487,2.3-6.3,.359,2.3-2.7,.844,5.2,2.1,0.4,1.9,1.8,2.6,15.1,https://tankathon.com/players/will-richard,.587,1.19,0.54,9.6,4.7,100.3,.076,.592,.253,4.9,126.8,.104,18.3,.377,.624,18.3,.180,,,,
Caleb Love,Arizona,2025,,PG,"6'4""",195 lbs,Senior,23.73 yrs,"Sep 27, 2001",USA,"St. Louis, MO",Christian Brothers College High School,,,37,34.1,5.8-14.5,.398,2.6-7.8,.340,3.0-3.4,.889,4.4,3.4,0.3,1.2,1.9,1.2,17.2,37,36.0,6.1-15.4,.398,2.8-8.2,.340,3.2-3.6,.889,4.7,3.6,0.3,1.2,2.1,1.3,18.2,https://tankathon.com/players/caleb-love,.535,1.76,0.71,7.5,2.1,107.3,.051,.489,.234,5.3,114.4,.089,17.7,.391,.534,25.8,.140,,,,
Will Riley,Illinois,2025,21st,SG/SF,"6'9.5"" (6'8.75"" wingspan)",186 lbs,Freshman,19.36 yrs,"Feb 10, 2006",Canada,"Kitchener, ON",The Phelps School,"6'8.75""","8'8""",35,25.7,4.4-10.3,.432,1.3-4.1,.326,2.4-3.3,.724,4.1,2.2,0.3,0.3,1.2,1.2,12.6,35,36.0,6.2-14.4,.432,1.9-5.8,.326,3.4-4.6,.724,5.8,3.1,0.4,0.4,1.7,1.7,17.7,https://tankathon.com/players/will-riley,.401,1.86,0.68,6.5,1.7,108.2,.044,.497,.323,4.8,118.0,.102,17.4,.353,.532,23.8,.147,3.21,11.73,"32.0""",3.08
Kasparas Jakucionis,Illinois,2025,20th,PG/SG,"6'6"" (6'7.75"" wingspan)",205 lbs,Freshman,19.06 yrs,"May 29, 2006",Lithuania,"Vilnius, Lithuania",,"6'7.75""","8'3.5""",33,31.8,4.5-10.3,.440,1.6-5.2,.318,4.3-5.1,.845,5.7,4.7,0.3,0.9,3.7,2.7,15.0,33,36.0,5.1-11.6,.440,1.8-5.8,.318,4.9-5.8,.845,6.4,5.3,0.3,1.0,4.2,3.0,16.9,https://tankathon.com/players/kasparas-jakucionis,.501,1.27,1.07,6.6,2.6,105.2,.057,.519,.496,4.0,112.1,.084,17.4,.369,.590,24.2,.141,3.22,10.99,"35.0""",2.82
Matthew Cleveland,Miami,2025,,SG/SF,"6'7""",200 lbs,Senior,22.76 yrs,"Sep 15, 2002",USA,"Atlanta, GA",Pace Academy,,,29,30.3,6.3-12.3,.511,1.2-3.1,.382,3.8-4.9,.776,4.4,1.7,0.8,0.8,1.3,1.3,17.6,29,36.0,7.5-14.7,.511,1.4-3.6,.382,4.5-5.9,.776,5.3,2.0,1.0,0.9,1.6,1.6,20.9,https://tankathon.com/players/matthew-cleveland,.249,1.32,0.44,5.6,-1.3,120.5,.000,.559,.399,6.9,122.6,.137,24.7,.354,.600,27.3,.137,,,,
Kon Knueppel,Duke,2025,4th,SG/SF,"6'6.25"" (6'6.25"" wingspan)",219 lbs,Freshman,19.88 yrs,"Aug 3, 2005",USA,"Milwaukee, WI",Wisconsin Lutheran,"6'6.25""","8'5.5""",39,30.5,4.6-9.7,.479,2.2-5.3,.406,3.0-3.3,.914,4.0,2.7,0.2,1.0,1.4,2.1,14.4,39,36.0,5.5-11.4,.479,2.5-6.3,.406,3.5-3.9,.914,4.7,3.2,0.2,1.2,1.6,2.5,17.0,https://tankathon.com/players/kon-knueppel,.548,2.02,0.73,10.8,3.9,98.8,.081,.590,.339,6.9,133.7,.151,21.3,.392,.642,21.4,.232,,,,
Mark Sears,Alabama,2025,,PG,"6'0"" (6'2"" wingspan)",183 lbs,Senior,23.33 yrs,"Feb 19, 2002",USA,"Muscle Shoals, AL",Hargrave Military Academy,"6'2""","7'8.5""",37,32.3,5.4-13.4,.403,2.4-7.1,.345,5.4-6.4,.844,2.9,5.1,0.1,0.9,2.7,1.5,18.6,37,36.0,6.0-15.0,.403,2.7-7.9,.345,6.0-7.1,.844,3.3,5.7,0.1,1.0,3.0,1.7,20.8,https://tankathon.com/players/mark-sears,.526,1.92,0.98,7.1,1.2,112.3,.030,.494,.478,6.0,119.4,.124,18.9,.384,.567,26.9,.154,3.28,10.96,"37.5""",3.25
Tyrese Hunter,Memphis,2025,,PG,"6'0""",180 lbs,Senior,21.86 yrs,"Aug 11, 2003",USA,"Racine, WI",St. Catherine's High School,,,32,34.0,4.6-11.0,.415,2.3-5.7,.401,2.3-2.9,.774,3.8,3.6,0.2,1.5,2.3,1.6,13.7,32,36.0,4.8-11.6,.415,2.4-6.0,.401,2.4-3.1,.774,4.1,3.8,0.2,1.6,2.4,1.7,14.4,https://tankathon.com/players/tyrese-hunter,.517,1.58,0.91,4.8,1.7,106.0,.055,.518,.264,3.1,113.0,.070,15.4,.371,.552,20.6,.125,,,,
Taelon Peter,Liberty,2025,54th,SG,"6'4""",210 lbs,Senior,23.31 yrs,"Feb 27, 2002",USA,"Russellville, AR",Russellville High School,,,35,22.7,4.8-8.3,.578,2.2-4.9,.453,1.9-2.5,.773,4.0,1.0,0.1,0.9,0.6,2.0,13.7,35,36.0,7.6-13.1,.578,3.5-7.7,.453,3.1-4.0,.773,6.4,1.6,0.2,1.5,1.0,3.2,21.7,https://tankathon.com/players/taelon-peter,.588,1.71,0.40,9.0,2.2,93.6,.101,.711,.304,6.8,136.6,.166,27.2,.389,.724,24.1,.267,,,,
Johni Broome,Auburn,2025,35th,PF/C,"6'10.5"" (7'0.25"" wingspan)",249 lbs,Senior,22.92 yrs,"Jul 19, 2002",USA,"Plant City, FL",Tampa Catholic High School,"7'0.25""","9'0.5""",36,30.2,7.3-14.3,.510,0.7-2.5,.278,3.3-5.6,.587,10.8,2.9,2.1,0.9,1.6,2.1,18.6,36,36.0,8.7-17.1,.510,0.8-3.0,.278,3.9-6.7,.587,12.9,3.4,2.5,1.1,1.9,2.5,22.1,https://tankathon.com/players/johni-broome,.174,1.82,0.64,14.3,4.7,94.8,.096,.534,.390,9.6,121.7,.154,30.9,.315,.547,30.4,.250,3.37,11.52,"28.0""",3.23
Amari Williams,Kentucky,2025,46th,C,"7'0""",262 lbs,Senior,23.39 yrs,"Jan 28, 2002",United Kingdom,"Nottingham, England",Myerscough College,,,36,22.8,3.8-6.8,.561,0.0-0.1,.250,3.2-5.1,.623,8.5,3.2,1.2,0.6,2.3,2.2,10.9,36,36.0,6.1-10.8,.561,0.0-0.2,.250,5.0-8.0,.623,13.4,5.0,1.9,0.9,3.6,3.5,17.2,https://tankathon.com/players/amari-williams,.016,1.40,1.00,9.9,4.7,101.5,.068,.563,.744,5.2,114.9,.102,24.1,.307,.587,24.6,.171,,,,
Tre Johnson,Texas,2025,6th,SG,"6'6"" (6'10.25"" wingspan)",190 lbs,Freshman,19.29 yrs,"Mar 7, 2006",USA,"Dallas, TX",Link Academy,"6'10.25""","8'5""",33,34.7,6.8-15.9,.427,2.7-6.8,.397,3.7-4.2,.871,3.1,2.7,0.3,0.9,1.8,2.1,19.9,33,36.0,7.0-16.5,.427,2.8-7.0,.397,3.8-4.4,.871,3.2,2.8,0.3,1.0,1.9,2.2,20.7,https://tankathon.com/players/tre-johnson,.427,1.50,0.57,7.7,1.2,109.9,.038,.511,.265,6.5,115.1,.105,19.7,.390,.557,29.1,.147,3.28,10.49,"37.5""",3.11
Grant Nelson,Alabama,2025,,PF,"6'11.25"" (7'0"" wingspan)",230 lbs,Senior,23.26 yrs,"Mar 18, 2002",USA,"Devils Lake, ND",Devils Lake High School,"7'0""","9'1""",37,25.4,4.2-8.0,.522,0.6-2.5,.258,2.5-3.7,.667,7.6,1.6,1.2,0.5,1.8,2.6,11.5,37,36.0,5.9-11.3,.522,0.9-3.6,.258,3.5-5.3,.667,10.7,2.3,1.7,0.7,2.6,3.8,16.3,https://tankathon.com/players/grant-nelson,.315,0.88,0.50,7.4,3.9,104.3,.060,.563,.468,3.5,115.3,.081,18.5,.326,.588,20.7,.141,3.23,10.51,"30.0""",2.58
Coleman Hawkins,Kansas State,2025,,PF,"6'9.5"" (7'0"" wingspan)",215 lbs,Senior,23.53 yrs,"Dec 10, 2001",USA,"Antelope, CA",Prolific Prep,"7'0""","8'11""",30,33.6,4.0-10.0,.401,1.2-4.0,.303,1.5-2.6,.577,6.9,4.3,1.3,1.8,2.9,2.5,10.7,30,36.0,4.3-10.7,.401,1.3-4.2,.303,1.6-2.8,.577,7.4,4.6,1.4,1.9,3.1,2.7,11.5,https://tankathon.com/players/coleman-hawkins,.398,1.50,1.14,6.1,4.3,99.0,.079,.462,.261,1.8,96.6,.012,15.3,.322,.478,21.3,.091,3.3,12.05,"29.5""",3.21
Egor Demin,BYU,2025,8th,PG/SG,"6'9.5"" (6'10.25"" wingspan)",199 lbs,Freshman,19.30 yrs,"Mar 3, 2006",Russia,"Moscow, Russia",Moscow Basketball Academy,"6'10.25""","8'9.5""",33,27.5,3.8-9.3,.412,1.3-4.7,.273,1.7-2.5,.695,3.9,5.5,0.4,1.2,2.9,1.2,10.6,33,36.0,5.0-12.1,.412,1.7-6.1,.273,2.3-3.3,.695,5.1,7.1,0.5,1.5,3.8,1.6,13.9,https://tankathon.com/players/egor-demin,.503,1.86,1.41,5.3,2.2,105.6,.057,.480,.268,3.1,103.9,.048,15.6,.344,.509,24.5,.101,3.33,11.31,"32.0""",2.93
Rasheer Fleming,Saint Joseph's,2025,31st,PF,"6'9.5"" (7'5.25"" wingspan)",232 lbs,Junior,20.95 yrs,"Jul 10, 2004",USA,"Camden, NJ",Camden High School,"7'5.25""","9'1""",35,31.3,5.4-10.1,.531,1.8-4.5,.390,2.1-2.9,.743,8.5,1.3,1.5,1.4,1.5,2.5,14.7,35,36.0,6.2-11.6,.531,2.0-5.2,.390,2.5-3.3,.743,9.8,1.4,1.8,1.6,1.8,2.9,16.9,https://tankathon.com/players/rasheer-fleming,.449,0.81,0.40,7.7,3.1,95.0,.095,.619,.285,4.5,123.9,.110,24.1,.360,.638,21.2,.205,3.24,10.95,"32.5""",2.72
Jaxson Robinson,Kentucky,2025,,SG,"6'6"" (6'11.25"" wingspan)",189 lbs,Senior,22.55 yrs,"Dec 3, 2002",USA,"Ada, OK",Ada High School,"6'11.25""","8'7""",24,28.1,4.6-10.7,.432,2.6-6.9,.376,1.2-1.6,.763,3.5,1.7,0.5,0.6,0.9,1.9,13.0,24,36.0,5.9-13.7,.432,3.3-8.8,.376,1.5-2.0,.763,4.5,2.2,0.6,0.7,1.2,2.4,16.7,https://tankathon.com/players/jaxson-robinson,.642,1.86,0.50,5.5,0.9,111.6,.036,.553,.148,4.6,116.7,.083,16.1,.383,.569,21.4,.119,3.17,11.39,"34.0""",3.06
